Name	Age	Sex	Job	Country	Hobby
John	64	Male	Engineer	France	Reading
Linda	29	Female	Doctor	Japan	Traveling
John	21	Male	Artist	USA	Gaming
John	48	Male	Teacher	Australia	Cooking
Anna	54	Female	Lawyer	Canada	Sports
Linda	20	Female	Nurse	Germany	Music
James	23	Male	Scientist	Italy	Art
Linda	51	Female	Manager	UK	Gardening
Peter	24	Male	Engineer	USA	Reading
Steve	32	Male	Doctor	France	Traveling
Anna	48	Female	Artist	Japan	Gaming
Peter	23	Male	Teacher	Australia	Cooking
Peter	39	Male	Lawyer	Canada	Sports
Peter	68	Male	Nurse	Germany	Music
Anna	47	Female	Scientist	Italy	Art
Karen	44	Female	Manager	UK	Gardening
Karen	26	Female	Engineer	USA	Reading
Laura	40	Female	Doctor	France	Traveling
James	46	Male	Artist	Japan	Gaming
Peter	22	Male	Teacher	Australia	Cooking
Anna	36	Female	Lawyer	Canada	Sports
Anna	65	Female	Nurse	Germany	Music
Anna	49	Female	Scientist	Italy	Art
Karen	61	Female	Manager	UK	Gardening
Karen	59	Female	Engineer	USA	Reading
Steve	41	Male	Doctor	France	Traveling
Karen	39	Female	Artist	Japan	Gaming
Linda	56	Female	Teacher	Australia	Cooking
Peter	63	Male	Lawyer	Canada	Sports
Linda	38	Female	Nurse	Germany	Music
Laura	31	Female	Scientist	Italy	Art
John	22	Male	Manager	UK	Gardening
Laura	49	Female	Engineer	USA	Reading
Peter	32	Male	Doctor	France	Traveling
Laura	48	Female	Artist	Japan	Gaming
Karen	68	Female	Teacher	Australia	Cooking
Anna	47	Female	Lawyer	Canada	Sports
Karen	40	Female	Nurse	Germany	Music
Peter	21	Male	Scientist	Italy	Art
Peter	65	Male	Manager	UK	Gardening
Peter	32	Male	Engineer	USA	Reading
Peter	48	Male	Doctor	France	Traveling
Karen	34	Female	Artist	Japan	Gaming
James	29	Male	Teacher	Australia	Cooking
Laura	47	Female	Lawyer	Canada	Sports
Karen	25	Female	Nurse	Germany	Music
Karen	45	Female	Scientist	Italy	Art
Linda	47	Female	Manager	UK	Gardening
James	36	Male	Engineer	USA	Reading
Peter	61	Male	Doctor	France	Traveling
Peter	24	Male	Artist	Japan	Gaming
Laura	39	Female	Teacher	Australia	Cooking
James	21	Male	Lawyer	Canada	Sports
Peter	35	Male	Nurse	Germany	Music
Linda	26	Female	Scientist	Italy	Art
James	52	Male	Manager	UK	Gardening
Laura	46	Female	Engineer	USA	Reading
James	37	Male	Doctor	France	Traveling
Peter	45	Male	Artist	Japan	Gaming
Linda	28	Female	Teacher	Australia	Cooking
Karen	54	Female	Lawyer	Canada	Sports
Peter	50	Male	Nurse	Germany	Music
Karen	61	Female	Scientist	Italy	Art
John	22	Male	Manager	UK	Gardening
John	43	Male	Engineer	USA	Reading
Peter	52	Male	Doctor	France	Traveling
Peter	27	Male	Artist	Japan	Gaming
Laura	26	Female	Teacher	Australia	Cooking
Laura	23	Female	Lawyer	Canada	Sports
Anna	27	Female	Nurse	Germany	Music
Peter	38	Male	Scientist	Italy	Art
Peter	45	Male	Manager	UK	Gardening
James	33	Male	Engineer	USA	Reading
Laura	55	Female	Doctor	France	Traveling
Peter	66	Male	Artist	Japan	Gaming
Karen	46	Female	Teacher	Australia	Cooking
Karen	28	Female	Lawyer	Canada	Sports
John	25	Male	Nurse	Germany	Music
John	54	Male	Scientist	Italy	Art
Linda	49	Female	Manager	UK	Gardening
Karen	34	Female	Engineer	USA	Reading
Karen	54	Female	Doctor	France	Traveling
Karen	55	Female	Artist	Japan	Gaming
James	50	Male	Teacher	Australia	Cooking
Anna	53	Female	Lawyer	Canada	Sports
John	67	Male	Nurse	Germany	Music
Peter	56	Male	Scientist	Italy	Art
Laura	39	Female	Manager	UK	Gardening
John	38	Male	Engineer	USA	Reading
Laura	60	Female	Doctor	France	Traveling
Laura	21	Female	Artist	Japan	Gaming
Anna	45	Female	Teacher	Australia	Cooking
Karen	41	Female	Lawyer	Canada	Sports
Steve	42	Male	Nurse	Germany	Music
Anna	31	Female	Scientist	Italy	Art
Peter	25	Male	Manager	UK	Gardening